{"cameraMode":{"drawMode":0,"name":"Shaded","section":"Shading Mode"},"sceneLighting":true,"audioPlay":false,"sceneViewState":{"showFog":true,"showMaterialUpdate":true,"showSkybox":true,"showFlares":true,"showImageEffects":true,"showParticleSystems":true},"in2DMode":false,"pivot":{"x":0.086978018283844,"y":-0.000682145357131958,"z":1.071662425994873},"rotation":{"x":-0.08868103474378586,"y":-0.01883181929588318,"z":0.001649112324230373,"w":-0.9959176778793335},"size":1.2530326843261719,"orthographic":false}