{"cameraMode":{"drawMode":0,"name":"Shaded","section":"Shading Mode"},"sceneLighting":true,"audioPlay":false,"sceneViewState":{"showFog":true,"showMaterialUpdate":true,"showSkybox":true,"showFlares":true,"showImageEffects":true,"showParticleSystems":true},"in2DMode":false,"pivot":{"x":-1.0739202499389649,"y":-0.3475137948989868,"z":0.08999565243721008},"rotation":{"x":-0.13854515552520753,"y":0.7459483742713928,"z":-0.16392044723033906,"w":-0.630472719669342},"size":5.022042274475098,"orthographic":false}